{
    "loss": 25.729488372802734,
    "accuracy": 0.8413461446762085
}