{
    "loss": 36.40054702758789,
    "accuracy": 0.8221153616905212
}